date,open,close,high,low,volume,volume.1
2022-03-10,4.15,4.18,4.25,4.11,155590.0,155590.0
2022-03-11,4.14,4.25,4.26,4.05,168323.0,168323.0
2022-03-14,4.22,4.26,4.44,4.2,271811.0,271811.0
2022-03-15,4.24,4.02,4.32,4.01,195681.0,195681.0
2022-03-16,4.09,4.22,4.28,3.92,231630.0,231630.0
2022-03-17,4.25,4.29,4.37,4.23,206472.0,206472.0
2022-03-18,4.26,4.37,4.41,4.26,204400.0,204400.0
2022-03-21,4.4,4.39,4.49,4.31,210793.0,210793.0
2022-03-22,4.38,4.36,4.43,4.3,147586.0,147586.0
2022-03-23,4.36,4.53,4.66,4.3,381161.0,381161.0
2022-03-24,4.46,4.98,4.98,4.43,460750.0,460750.0
2022-03-25,5.13,4.71,5.13,4.66,576445.0,576445.0
2022-03-28,4.73,5.18,5.18,4.72,579211.0,579211.0
2022-03-29,5.12,4.97,5.38,4.94,717637.0,717637.0
2022-03-30,4.87,4.97,4.97,4.67,422064.0,422064.0
2022-03-31,4.9,4.82,4.91,4.7,381236.0,381236.0
2022-04-01,4.8,4.54,4.82,4.52,271894.0,271894.0
2022-04-06,4.51,4.59,4.66,4.5,193270.0,193270.0
2022-04-07,4.54,4.42,4.6,4.41,167404.0,167404.0
2022-04-08,4.42,4.28,4.46,4.27,177164.0,177164.0
2022-04-11,4.27,4.17,4.34,4.11,152200.0,152200.0
2022-04-12,4.16,4.23,4.26,4.1,109586.0,109586.0
2022-04-13,4.22,4.11,4.23,4.11,88328.0,88328.0
2022-04-14,4.12,4.23,4.33,4.11,136186.0,136186.0
2022-04-15,4.23,4.11,4.28,4.0,116890.0,116890.0
2022-04-18,4.09,4.08,4.1,4.01,77261.0,77261.0
2022-04-19,4.07,4.11,4.14,4.07,62181.0,62181.0
2022-04-20,4.09,4.15,4.2,4.08,94585.0,94585.0
2022-04-21,4.1,3.85,4.12,3.85,165229.0,165229.0
2022-04-22,3.85,3.87,3.93,3.79,82210.0,82210.0
2022-04-25,3.8,3.55,3.85,3.53,121505.0,121505.0
2022-04-26,3.52,3.41,3.61,3.41,104760.0,104760.0
2022-04-27,3.39,3.55,3.58,3.33,99150.0,99150.0
2022-04-28,3.49,3.47,3.61,3.45,83607.0,83607.0
2022-04-29,3.5,3.57,3.63,3.49,72063.0,72063.0
2022-05-05,3.58,3.61,3.67,3.52,74190.0,74190.0
2022-05-06,3.53,3.57,3.61,3.46,61350.0,61350.0
2022-05-09,3.59,3.68,3.69,3.56,59174.0,59174.0
2022-05-10,3.61,3.73,3.74,3.59,79970.0,79970.0
2022-05-11,3.71,3.65,3.82,3.65,86478.0,86478.0
2022-05-12,3.65,3.72,3.76,3.63,67242.0,67242.0
2022-05-13,3.72,3.73,3.78,3.66,59670.0,59670.0
2022-05-16,3.74,3.71,3.76,3.69,67726.0,67726.0
2022-05-17,3.71,3.66,3.72,3.58,64094.0,64094.0
2022-05-18,3.66,3.66,3.71,3.63,49738.0,49738.0
2022-05-19,3.63,3.72,3.72,3.6,51684.0,51684.0
2022-05-20,3.72,3.74,3.76,3.7,55838.0,55838.0
2022-05-23,3.74,3.79,3.79,3.73,73503.0,73503.0
2022-05-24,3.78,3.57,3.87,3.55,99829.0,99829.0
2022-05-25,3.56,3.64,3.64,3.54,60605.0,60605.0
2022-05-26,3.64,3.68,3.72,3.58,57670.0,57670.0
2022-05-27,3.68,3.64,3.7,3.61,47259.0,47259.0
2022-05-30,3.67,3.67,3.69,3.62,48808.0,48808.0
2022-05-31,3.66,3.7,3.7,3.62,49672.0,49672.0
2022-06-01,3.7,3.71,3.76,3.67,62684.0,62684.0
2022-06-02,3.72,3.65,3.72,3.61,46650.0,46650.0
2022-06-06,3.65,3.72,3.73,3.63,58653.0,58653.0
2022-06-07,3.75,4.09,4.09,3.7,272301.0,272301.0
2022-06-08,4.09,4.0,4.12,3.89,346965.0,346965.0
2022-06-09,3.92,3.9,4.11,3.88,189524.0,189524.0
2022-06-10,3.9,3.91,3.96,3.89,114499.0,114499.0
2022-06-13,3.86,3.96,4.02,3.82,161634.0,161634.0
2022-06-14,3.93,3.95,3.98,3.84,127266.0,127266.0
2022-06-15,3.94,3.94,4.01,3.88,122633.0,122633.0
2022-06-16,3.92,3.94,3.97,3.89,116747.0,116747.0
2022-06-17,3.9,3.94,3.98,3.87,81435.0,81435.0
2022-06-20,3.93,4.04,4.07,3.91,122944.0,122944.0
2022-06-21,4.04,3.99,4.05,3.95,100052.0,100052.0
2022-06-22,4.03,3.93,4.03,3.92,65603.0,65603.0
2022-06-23,3.94,3.95,3.96,3.87,66114.0,66114.0
2022-06-24,3.95,3.92,3.97,3.88,73093.0,73093.0
2022-06-27,3.92,3.99,4.0,3.92,87112.0,87112.0
2022-06-28,3.98,4.07,4.09,3.92,140314.0,140314.0
2022-06-29,4.1,3.96,4.1,3.95,91983.0,91983.0
2022-06-30,3.96,3.97,4.04,3.95,64353.0,64353.0
2022-07-01,3.97,3.91,4.01,3.89,72536.0,72536.0
2022-07-04,3.92,3.91,3.94,3.87,55530.0,55530.0
2022-07-05,3.91,3.88,3.91,3.82,63225.0,63225.0
2022-07-06,3.86,3.84,3.93,3.81,58620.0,58620.0
2022-07-07,3.83,3.85,3.86,3.83,39854.0,39854.0
2022-07-08,3.85,3.86,3.88,3.84,39035.0,39035.0
2022-07-11,3.86,4.01,4.04,3.81,195044.0,195044.0
2022-07-12,3.99,3.96,4.07,3.9,102435.0,102435.0
2022-07-13,4.01,3.96,4.04,3.93,84059.0,84059.0
2022-07-14,3.96,3.92,3.98,3.9,70300.0,70300.0
2022-07-15,3.91,3.73,3.93,3.73,103287.0,103287.0
2022-07-18,3.72,3.94,4.0,3.72,117969.0,117969.0
2022-07-19,3.94,3.97,3.99,3.9,70445.0,70445.0
2022-07-20,3.97,4.05,4.09,3.95,116249.0,116249.0
2022-07-21,4.06,4.0,4.09,3.98,65549.0,65549.0
2022-07-22,4.02,3.98,4.05,3.92,87749.0,87749.0
2022-07-25,3.99,3.98,4.02,3.95,44821.0,44821.0
2022-07-26,3.98,4.02,4.03,3.95,42731.0,42731.0
2022-07-27,4.02,4.0,4.06,3.98,54154.0,54154.0
2022-07-28,4.01,3.98,4.03,3.97,47582.0,47582.0
2022-07-29,3.99,3.92,4.0,3.9,50438.0,50438.0
2022-08-01,3.92,3.9,3.95,3.88,34696.0,34696.0
2022-08-02,3.89,3.7,3.89,3.65,112394.0,112394.0
2022-08-03,3.7,3.68,3.8,3.65,67388.0,67388.0
2022-08-04,3.72,3.74,3.74,3.65,46510.0,46510.0
2022-08-05,3.74,3.79,3.8,3.71,42617.0,42617.0
2022-08-08,3.79,3.84,3.84,3.75,38057.0,38057.0
2022-08-09,3.85,3.87,3.9,3.79,54327.0,54327.0
2022-08-10,3.89,3.88,3.89,3.82,33804.0,33804.0
2022-08-11,3.88,3.95,3.96,3.88,61373.0,61373.0
2022-08-12,3.95,3.97,3.97,3.93,44096.0,44096.0
2022-08-15,3.93,3.92,3.96,3.89,62227.0,62227.0
2022-08-16,3.93,3.9,3.94,3.87,51221.0,51221.0
2022-08-17,3.92,3.91,3.95,3.89,37553.0,37553.0
2022-08-18,3.94,3.85,3.94,3.83,57317.0,57317.0
2022-08-19,3.85,3.83,3.91,3.83,46405.0,46405.0
2022-08-22,3.85,3.83,3.86,3.79,28470.0,28470.0
2022-08-23,3.83,3.85,3.88,3.8,34959.0,34959.0
2022-08-24,3.85,3.78,3.88,3.76,43373.0,43373.0
2022-08-25,3.81,3.76,3.81,3.7,54681.0,54681.0
2022-08-26,3.76,3.8,3.83,3.74,42901.0,42901.0
2022-08-29,3.75,3.85,3.85,3.71,43116.0,43116.0
2022-08-30,3.85,3.88,3.91,3.83,49029.0,49029.0
2022-08-31,3.89,3.78,3.89,3.77,46918.0,46918.0
2022-09-01,3.77,3.79,3.84,3.77,35440.0,35440.0
2022-09-02,3.83,3.85,3.88,3.81,38489.0,38489.0
2022-09-05,3.86,3.83,3.88,3.8,41731.0,41731.0
2022-09-06,3.85,3.89,3.9,3.83,53939.0,53939.0
2022-09-07,3.91,3.87,3.91,3.84,36327.0,36327.0
2022-09-08,3.89,3.83,3.9,3.82,28863.0,28863.0
2022-09-09,3.84,3.82,3.84,3.8,25208.0,25208.0
2022-09-13,3.82,3.87,3.91,3.81,50605.0,50605.0
2022-09-14,3.84,3.9,3.92,3.79,56724.0,56724.0
2022-09-15,3.92,3.83,3.92,3.79,61092.0,61092.0
2022-09-16,3.82,3.7,3.85,3.7,55049.0,55049.0
2022-09-19,3.69,3.68,3.75,3.61,62276.0,62276.0
2022-09-20,3.69,3.7,3.77,3.68,34075.0,34075.0
2022-09-21,3.69,3.7,3.73,3.56,49431.0,49431.0
2022-09-22,3.67,3.59,3.69,3.59,46330.0,46330.0
2022-09-23,3.61,3.49,3.63,3.49,52694.0,52694.0
2022-09-26,3.52,3.35,3.52,3.34,54035.0,54035.0
2022-09-27,3.35,3.52,3.54,3.35,64234.0,64234.0
2022-09-28,3.52,3.44,3.61,3.44,67779.0,67779.0
2022-09-29,3.5,3.46,3.57,3.43,49684.0,49684.0
2022-09-30,3.51,3.51,3.54,3.44,35549.0,35549.0
2022-10-10,3.5,3.42,3.55,3.39,48378.0,48378.0
2022-10-11,3.39,3.41,3.45,3.35,37760.0,37760.0
2022-10-12,3.41,3.47,3.48,3.35,36492.0,36492.0
2022-10-13,3.48,3.55,3.58,3.43,41793.0,41793.0
2022-10-14,3.56,3.73,3.76,3.56,80959.0,80959.0
2022-10-17,3.73,3.81,3.88,3.7,104138.0,104138.0
2022-10-18,3.83,3.85,3.89,3.8,68955.0,68955.0
2022-10-19,3.87,3.75,3.87,3.72,56941.0,56941.0
2022-10-20,3.77,3.75,3.81,3.73,43968.0,43968.0
2022-10-21,3.75,3.79,3.85,3.75,37216.0,37216.0
2022-10-24,3.81,3.67,3.83,3.66,61435.0,61435.0
2022-10-25,3.67,3.61,3.7,3.57,40660.0,40660.0
2022-10-26,3.61,3.72,3.76,3.58,53856.0,53856.0
2022-10-27,3.71,3.73,3.77,3.65,58291.0,58291.0
2022-10-28,3.72,3.6,3.75,3.58,57796.0,57796.0
2022-10-31,3.61,3.82,3.87,3.59,172989.0,172989.0
2022-11-01,3.85,3.88,3.89,3.76,105692.0,105692.0
2022-11-02,3.85,3.89,3.95,3.82,107255.0,107255.0
2022-11-03,3.86,3.91,3.93,3.83,64119.0,64119.0
2022-11-04,3.92,3.88,3.94,3.87,58147.0,58147.0
2022-11-07,3.87,3.9,3.93,3.86,72126.0,72126.0
2022-11-08,3.9,3.92,3.94,3.85,53636.0,53636.0
2022-11-09,3.94,3.93,3.97,3.9,66351.0,66351.0
2022-11-10,3.94,3.97,4.04,3.92,85969.0,85969.0
2022-11-11,4.07,3.98,4.1,3.95,127940.0,127940.0
2022-11-14,3.96,4.05,4.09,3.93,115442.0,115442.0
2022-11-15,4.11,4.05,4.12,4.01,82155.0,82155.0
2022-11-16,4.06,4.05,4.1,4.02,82065.0,82065.0
2022-11-17,4.05,4.17,4.21,4.05,136916.0,136916.0
2022-11-18,4.21,4.18,4.23,4.15,90805.0,90805.0
2022-11-21,4.15,4.16,4.2,4.11,76650.0,76650.0
2022-11-22,4.15,4.12,4.23,4.09,88472.0,88472.0
2022-11-23,4.12,4.02,4.15,3.97,105636.0,105636.0
2022-11-24,4.05,4.09,4.13,4.01,89420.0,89420.0
2022-11-25,4.06,4.07,4.13,4.02,54178.0,54178.0
2022-11-28,4.0,4.04,4.14,3.98,78745.0,78745.0
2022-11-29,4.03,4.12,4.16,4.02,73204.0,73204.0
2022-11-30,4.13,4.16,4.23,4.08,116808.0,116808.0
2022-12-01,4.17,4.11,4.21,4.06,99383.0,99383.0
2022-12-02,4.12,4.17,4.19,4.1,79834.0,79834.0
2022-12-05,4.22,4.17,4.26,4.16,88815.0,88815.0
2022-12-06,4.19,4.1,4.24,4.09,87790.0,87790.0
2022-12-07,4.05,4.26,4.27,4.05,165236.0,165236.0
2022-12-08,4.24,4.18,4.27,4.14,95403.0,95403.0
2022-12-09,4.2,4.16,4.23,4.12,63199.0,63199.0
2022-12-12,4.16,4.18,4.25,4.15,58796.0,58796.0
2022-12-13,4.16,4.24,4.28,4.16,86537.0,86537.0
2022-12-14,4.24,4.18,4.25,4.16,64119.0,64119.0
2022-12-15,4.21,4.17,4.28,4.15,61096.0,61096.0
2022-12-16,4.2,4.18,4.23,4.15,59631.0,59631.0
2022-12-19,4.26,4.17,4.5,4.13,142610.0,142610.0
2022-12-20,4.16,4.08,4.2,4.03,112794.0,112794.0
2022-12-21,4.1,4.04,4.16,4.0,82710.0,82710.0
2022-12-22,4.1,4.03,4.14,3.99,73913.0,73913.0
2022-12-23,4.06,3.99,4.06,3.95,61972.0,61972.0
2022-12-26,3.98,3.87,4.02,3.85,73578.0,73578.0
2022-12-27,3.89,3.88,3.97,3.77,96480.0,96480.0
2022-12-28,3.89,3.82,3.95,3.81,68718.0,68718.0
2022-12-29,3.85,3.89,3.92,3.79,63177.0,63177.0
2022-12-30,3.8,3.8,3.94,3.76,80262.0,80262.0
2023-01-03,3.88,3.93,4.15,3.85,184680.0,184680.0
2023-01-04,3.99,3.93,4.0,3.86,116851.0,116851.0
2023-01-05,3.93,3.84,3.93,3.84,86227.0,86227.0
2023-01-06,3.86,3.78,3.89,3.76,103576.0,103576.0
2023-01-09,3.8,3.78,3.8,3.76,69847.0,69847.0
2023-01-10,3.75,3.72,3.78,3.71,77213.0,77213.0
2023-01-11,3.74,3.68,3.74,3.66,68360.0,68360.0
2023-01-12,3.64,3.66,3.71,3.64,55846.0,55846.0
2023-01-13,3.66,3.68,3.71,3.64,47399.0,47399.0
2023-01-16,3.67,3.76,3.76,3.66,57726.0,57726.0
2023-01-17,3.77,3.67,3.77,3.66,57159.0,57159.0
2023-01-18,3.73,3.71,3.73,3.68,51528.0,51528.0
2023-01-19,3.69,3.75,3.76,3.68,64082.0,64082.0
2023-01-20,3.75,3.77,3.79,3.75,53118.0,53118.0
2023-01-30,3.85,3.87,3.88,3.81,100073.0,100073.0
2023-01-31,3.8,3.75,3.82,3.71,181678.0,181678.0
2023-02-01,3.76,3.79,3.79,3.71,130441.0,130441.0
2023-02-02,3.81,3.86,3.86,3.78,104964.0,104964.0
2023-02-03,3.84,3.79,3.85,3.76,83472.0,83472.0
2023-02-06,3.82,3.78,3.84,3.77,62393.0,62393.0
2023-02-07,3.78,3.77,3.81,3.75,72867.0,72867.0
2023-02-08,3.77,3.78,3.8,3.75,68156.0,68156.0
2023-02-09,3.78,3.82,3.82,3.75,59972.0,59972.0
2023-02-10,3.83,3.85,3.87,3.81,76837.0,76837.0
2023-02-13,3.82,3.84,3.88,3.82,75661.0,75661.0
2023-02-14,3.87,3.84,3.87,3.81,52577.0,52577.0
2023-02-15,3.84,3.81,3.85,3.8,49208.0,49208.0
2023-02-16,3.82,3.77,3.88,3.73,89569.0,89569.0
2023-02-17,3.75,3.81,3.85,3.75,70465.0,70465.0
2023-02-20,3.82,3.78,3.83,3.71,74814.0,74814.0
2023-02-21,3.78,3.79,3.82,3.77,55504.0,55504.0
2023-02-22,3.79,3.77,3.79,3.75,56236.0,56236.0
2023-02-23,3.78,3.76,3.83,3.74,57082.0,57082.0
2023-02-24,3.76,3.74,3.78,3.72,43518.0,43518.0
2023-02-27,3.75,3.71,3.76,3.69,51969.0,51969.0
2023-02-28,3.71,3.78,3.78,3.7,64529.0,64529.0
2023-03-01,3.78,3.77,3.79,3.75,50747.0,50747.0
2023-03-02,3.77,3.74,3.79,3.73,49850.0,49850.0
2023-03-03,3.74,3.74,3.77,3.72,54597.0,54597.0
2023-03-06,3.74,3.75,3.79,3.72,59223.0,59223.0
2023-03-07,3.75,3.7,3.78,3.68,70216.0,70216.0
2023-03-08,3.68,3.68,3.7,3.66,50667.0,50667.0
2023-03-09,3.69,3.7,3.72,3.69,38645.0,38645.0
2023-03-10,3.68,3.67,3.71,3.64,37462.0,37462.0
2023-03-13,3.65,3.62,3.68,3.61,47486.0,47486.0
2023-03-14,3.62,3.56,3.66,3.54,44093.0,44093.0
2023-03-15,3.59,3.66,3.67,3.58,49581.0,49581.0
2023-03-16,3.63,3.62,3.68,3.62,38378.0,38378.0
2023-03-17,3.65,3.6,3.68,3.6,42258.0,42258.0
2023-03-20,3.6,3.59,3.67,3.58,56238.0,56238.0
2023-03-21,3.62,3.63,3.63,3.57,34767.0,34767.0
2023-03-22,3.64,3.64,3.66,3.62,35569.0,35569.0
2023-03-23,3.63,3.61,3.63,3.6,32296.0,32296.0
2023-03-24,3.62,3.61,3.64,3.59,31615.0,31615.0
2023-03-27,3.61,3.57,3.61,3.53,53602.0,53602.0
2023-03-28,3.57,3.55,3.59,3.52,54535.0,54535.0
2023-03-29,3.55,3.49,3.57,3.49,43984.0,43984.0
2023-03-30,3.5,3.48,3.51,3.44,37500.0,37500.0
2023-03-31,3.5,3.52,3.54,3.45,37805.0,37805.0
2023-04-03,3.51,3.49,3.53,3.46,49647.0,49647.0
2023-04-04,3.49,3.41,3.5,3.4,56271.0,56271.0
2023-04-06,3.41,3.37,3.43,3.37,43732.0,43732.0
2023-04-07,3.38,3.45,3.45,3.37,54139.0,54139.0
2023-04-10,3.4,3.27,3.43,3.26,125527.0,125527.0
2023-04-11,3.26,3.28,3.29,3.25,60141.0,60141.0
2023-04-12,3.26,3.3,3.34,3.24,53271.0,53271.0
2023-04-13,3.28,3.33,3.37,3.25,95719.0,95719.0
2023-04-14,3.32,3.34,3.42,3.31,70241.0,70241.0
2023-04-17,3.33,3.3,3.37,3.29,39984.0,39984.0
2023-04-18,3.31,3.27,3.31,3.25,44048.0,44048.0
2023-04-19,3.27,3.2,3.27,3.2,59221.0,59221.0
2023-04-20,3.21,3.14,3.21,3.12,59014.0,59014.0
2023-04-21,3.14,3.08,3.17,3.08,46656.0,46656.0
2023-04-24,3.07,3.12,3.16,3.07,67713.0,67713.0
2023-04-25,3.09,3.04,3.11,3.01,60557.0,60557.0
2023-04-26,3.04,3.08,3.1,3.03,59241.0,59241.0
2023-04-27,2.77,2.77,2.77,2.77,27240.0,27240.0
2023-04-28,2.49,2.49,2.49,2.49,49136.0,49136.0
2023-07-05,2.37,2.37,2.37,2.37,6297.0,6297.0
2023-07-06,2.25,2.25,2.25,2.25,4630.0,4630.0
2023-07-07,2.14,2.19,2.25,2.14,786219.0,786219.0
2023-07-10,2.11,2.08,2.14,2.08,494536.0,494536.0
2023-07-11,2.07,2.18,2.18,2.07,542369.0,542369.0
2023-07-12,2.08,2.12,2.16,2.07,434658.0,434658.0
2023-07-13,2.1,2.01,2.13,2.01,384798.0,384798.0
2023-07-14,1.98,2.02,2.04,1.96,197885.0,197885.0
2023-07-17,2.0,1.92,2.0,1.92,167887.0,167887.0
2023-07-18,1.85,1.89,1.91,1.82,324948.0,324948.0
2023-07-19,1.86,1.94,1.98,1.85,265479.0,265479.0
2023-07-20,1.86,1.85,1.89,1.84,252033.0,252033.0
2023-07-21,1.82,1.77,1.87,1.76,241954.0,241954.0
2023-07-24,1.86,1.86,1.86,1.86,103849.0,103849.0
2023-07-25,1.85,1.86,1.9,1.82,253919.0,253919.0
2023-07-26,1.85,1.95,1.95,1.83,247985.0,247985.0
2023-07-27,1.94,1.96,1.97,1.89,228043.0,228043.0
2023-07-28,1.96,1.96,2.01,1.93,181305.0,181305.0
2023-07-31,1.95,1.94,1.96,1.9,179742.0,179742.0
2023-08-01,1.92,1.91,1.94,1.89,149060.0,149060.0
2023-08-02,1.9,1.82,1.9,1.81,204929.0,204929.0
2023-08-03,1.82,1.91,1.91,1.82,257742.0,257742.0
2023-08-04,1.86,1.86,1.92,1.82,206214.0,206214.0
2023-08-07,1.85,1.9,1.95,1.81,199224.0,199224.0
2023-08-08,2.0,2.0,2.0,2.0,29731.0,29731.0
2023-08-09,2.1,2.1,2.1,2.1,12239.0,12239.0
2023-08-10,2.21,2.21,2.21,2.15,246062.0,246062.0
2023-08-11,2.2,2.32,2.32,2.14,515736.0,515736.0
2023-08-14,2.28,2.31,2.39,2.22,324005.0,324005.0
2023-08-15,2.28,2.25,2.39,2.23,256535.0,256535.0
2023-08-16,2.22,2.27,2.34,2.2,218399.0,218399.0
2023-08-17,2.21,2.17,2.24,2.16,244309.0,244309.0
2023-08-18,2.17,2.18,2.23,2.13,169072.0,169072.0
2023-08-21,2.15,2.14,2.17,2.11,127634.0,127634.0
2023-08-22,2.14,2.13,2.16,2.03,161672.0,161672.0
2023-08-23,2.13,2.13,2.19,2.03,138588.0,138588.0
2023-08-24,2.13,2.07,2.15,2.04,146630.0,146630.0
2023-08-25,1.99,1.99,2.05,1.98,99762.0,99762.0
2023-08-28,2.03,1.92,2.03,1.9,159630.0,159630.0
2023-08-29,1.96,2.02,2.02,1.86,150650.0,150650.0
2023-08-30,2.0,2.12,2.12,1.99,119660.0,119660.0
2023-08-31,2.23,2.23,2.23,2.14,471556.0,471556.0
2023-09-01,2.16,2.17,2.21,2.12,374887.0,374887.0
2023-09-04,2.16,2.19,2.21,2.13,222735.0,222735.0
2023-09-05,2.17,2.14,2.19,2.12,156446.0,156446.0
2023-09-06,2.13,2.13,2.13,2.09,102366.0,102366.0
2023-09-07,2.12,2.08,2.12,2.08,98192.0,98192.0
2023-09-08,2.08,2.18,2.18,2.07,175549.0,175549.0
2023-09-11,2.16,2.29,2.29,2.15,295414.0,295414.0
2023-09-12,2.26,2.4,2.4,2.25,307065.0,307065.0
2023-09-13,2.36,2.38,2.49,2.33,339249.0,339249.0
2023-09-14,2.33,2.28,2.36,2.26,233663.0,233663.0
2023-09-15,2.3,2.39,2.39,2.25,164281.0,164281.0
2023-09-18,2.46,2.51,2.51,2.43,394011.0,394011.0
2023-09-19,2.49,2.52,2.64,2.41,382109.0,382109.0
2023-09-20,2.46,2.65,2.65,2.44,320812.0,320812.0
2023-09-21,2.69,2.63,2.78,2.56,491479.0,491479.0
2023-09-22,2.58,2.51,2.68,2.5,385877.0,385877.0
2023-09-25,2.49,2.46,2.52,2.43,191318.0,191318.0
2023-09-26,2.45,2.54,2.58,2.43,233071.0,233071.0
2023-09-27,2.51,2.45,2.56,2.41,207644.0,207644.0
2023-10-09,2.49,2.34,2.52,2.33,248082.0,248082.0
2023-10-10,2.32,2.42,2.46,2.3,157470.0,157470.0
2023-10-11,2.38,2.33,2.41,2.32,145264.0,145264.0
2023-10-12,2.33,2.3,2.36,2.26,83521.0,83521.0
2023-10-13,2.31,2.32,2.37,2.3,68126.0,68126.0
2023-10-16,2.29,2.36,2.36,2.26,103126.0,103126.0
2023-10-17,2.35,2.27,2.36,2.25,100722.0,100722.0
2023-10-18,2.25,2.18,2.29,2.16,96829.0,96829.0
2023-10-19,2.16,2.17,2.21,2.14,60925.0,60925.0
2023-10-20,2.16,2.16,2.2,2.14,57928.0,57928.0
2023-10-23,2.16,2.09,2.17,2.07,61789.0,61789.0
2023-10-24,2.08,2.16,2.18,2.08,52705.0,52705.0
2023-10-25,2.18,2.17,2.22,2.17,50976.0,50976.0
2023-10-26,2.14,2.16,2.17,2.11,45352.0,45352.0
2023-10-27,2.15,2.22,2.23,2.14,73249.0,73249.0
2023-10-30,2.21,2.24,2.28,2.18,64674.0,64674.0
2023-10-31,2.24,2.24,2.26,2.22,48765.0,48765.0
2023-11-01,2.24,2.21,2.26,2.21,39297.0,39297.0
2023-11-02,2.21,2.24,2.25,2.15,83040.0,83040.0
2023-11-03,2.23,2.24,2.25,2.21,50633.0,50633.0
2023-11-06,2.24,2.25,2.27,2.23,48938.0,48938.0
2023-11-07,2.25,2.3,2.31,2.23,70950.0,70950.0
2023-11-08,2.32,2.34,2.38,2.3,82651.0,82651.0
2023-11-09,2.32,2.32,2.34,2.28,67915.0,67915.0
2023-11-10,2.32,2.38,2.42,2.3,80392.0,80392.0
2023-11-13,2.38,2.45,2.47,2.36,75608.0,75608.0
2023-11-14,2.45,2.43,2.46,2.4,84274.0,84274.0
2023-11-15,2.43,2.47,2.5,2.41,86268.0,86268.0
2023-11-16,2.47,2.41,2.47,2.39,75149.0,75149.0
2023-11-17,2.38,2.41,2.42,2.38,67140.0,67140.0
2023-11-20,2.4,2.43,2.46,2.4,47383.0,47383.0
2023-11-21,2.43,2.42,2.46,2.41,53227.0,53227.0
2023-11-22,2.41,2.44,2.46,2.41,46840.0,46840.0
2023-11-23,2.45,2.52,2.54,2.44,94758.0,94758.0
2023-11-24,2.53,2.51,2.54,2.48,49119.0,49119.0
2023-11-27,2.51,2.5,2.56,2.48,49610.0,49610.0
2023-11-28,2.49,2.49,2.5,2.45,33462.0,33462.0
2023-11-29,2.49,2.52,2.54,2.47,60570.0,60570.0
2023-11-30,2.52,2.58,2.65,2.5,133394.0,133394.0
2023-12-01,2.57,2.6,2.61,2.55,102048.0,102048.0
2023-12-04,2.6,2.69,2.71,2.59,105318.0,105318.0
2023-12-05,2.67,2.63,2.71,2.61,90935.0,90935.0
2023-12-06,2.63,2.68,2.68,2.58,73212.0,73212.0
2023-12-07,2.68,2.55,2.69,2.55,94371.0,94371.0
2023-12-08,2.54,2.49,2.54,2.46,89304.0,89304.0
2023-12-11,2.5,2.59,2.6,2.48,88421.0,88421.0
2023-12-12,2.6,2.67,2.69,2.57,66183.0,66183.0
2023-12-13,2.68,2.66,2.72,2.64,54956.0,54956.0
2023-12-14,2.64,2.68,2.75,2.64,53562.0,53562.0
2023-12-15,2.69,2.73,2.76,2.69,62081.0,62081.0
2023-12-18,2.73,2.71,2.78,2.68,66585.0,66585.0
2023-12-19,2.7,2.68,2.73,2.61,52951.0,52951.0
2023-12-20,2.7,2.66,2.72,2.66,39863.0,39863.0
2023-12-21,2.64,2.66,2.68,2.56,58847.0,58847.0
2023-12-22,2.64,2.65,2.69,2.63,38670.0,38670.0
2023-12-25,2.63,2.65,2.66,2.62,21905.0,21905.0
2023-12-26,2.64,2.61,2.65,2.61,28454.0,28454.0
2023-12-27,2.61,2.71,2.73,2.56,58264.0,58264.0
2023-12-28,2.7,2.74,2.77,2.7,46416.0,46416.0
2023-12-29,2.74,2.69,2.74,2.63,69435.0,69435.0
2024-01-02,2.67,2.68,2.72,2.65,28832.0,28832.0
2024-01-03,2.69,2.68,2.71,2.65,30062.0,30062.0
2024-01-04,2.67,2.67,2.67,2.64,24222.0,24222.0
2024-01-05,2.66,2.64,2.68,2.61,30708.0,30708.0
2024-01-08,2.62,2.61,2.67,2.61,28438.0,28438.0
2024-01-09,2.61,2.57,2.63,2.57,32906.0,32906.0
2024-01-10,2.59,2.61,2.62,2.52,40345.0,40345.0
2024-01-11,2.6,2.65,2.66,2.59,33713.0,33713.0
2024-01-12,2.66,2.58,2.67,2.55,55441.0,55441.0
2024-01-15,2.59,2.59,2.62,2.57,42994.0,42994.0
2024-01-16,2.6,2.6,2.64,2.57,36478.0,36478.0
2024-01-17,2.61,2.6,2.62,2.57,29344.0,29344.0
2024-01-18,2.59,2.51,2.6,2.47,87902.0,87902.0
2024-01-19,2.5,2.51,2.53,2.47,20323.0,20323.0
2024-01-22,2.52,2.38,2.52,2.38,42152.0,42152.0
2024-01-23,2.35,2.37,2.4,2.31,47069.0,47069.0
2024-01-24,2.37,2.43,2.43,2.3,48616.0,48616.0
2024-01-25,2.42,2.48,2.51,2.41,37243.0,37243.0
2024-01-26,2.46,2.51,2.58,2.45,38512.0,38512.0
2024-01-29,2.51,2.5,2.56,2.47,28885.0,28885.0
2024-01-30,2.5,2.48,2.58,2.48,27096.0,27096.0
2024-01-31,2.47,2.45,2.51,2.41,32729.0,32729.0
2024-02-01,2.45,2.33,2.47,2.33,43807.0,43807.0
2024-02-02,2.34,2.21,2.36,2.21,45884.0,45884.0
2024-02-05,2.21,2.1,2.21,2.1,40464.0,40464.0
2024-02-06,2.0,2.15,2.17,2.0,44509.0,44509.0
2024-02-07,2.13,2.14,2.25,2.13,39182.0,39182.0
2024-02-08,2.12,2.22,2.22,2.12,28361.0,28361.0
2024-02-19,2.23,2.27,2.33,2.23,35169.0,35169.0
2024-02-20,2.26,2.32,2.33,2.25,26893.0,26893.0
2024-02-21,2.31,2.35,2.38,2.31,24490.0,24490.0
2024-02-22,2.35,2.35,2.39,2.34,22334.0,22334.0
2024-02-23,2.36,2.36,2.39,2.33,23565.0,23565.0
2024-02-26,2.38,2.35,2.4,2.34,26955.0,26955.0
2024-02-27,2.35,2.37,2.37,2.34,21610.0,21610.0
2024-02-28,2.39,2.26,2.39,2.26,34678.0,34678.0
2024-02-29,2.22,2.31,2.32,2.22,17024.0,17024.0
2024-03-01,2.3,2.3,2.36,2.28,26773.0,26773.0
2024-03-04,2.3,2.3,2.34,2.28,13934.0,13934.0
2024-03-05,2.3,2.32,2.32,2.29,13085.0,13085.0
2024-03-06,2.31,2.37,2.39,2.31,21235.0,21235.0
2024-03-07,2.38,2.38,2.46,2.38,23204.0,23204.0
2024-03-08,2.38,2.41,2.44,2.38,13322.0,13322.0
2024-03-11,2.41,2.41,2.44,2.38,19343.0,19343.0
2024-03-12,2.4,2.43,2.44,2.4,16705.0,16705.0
2024-03-13,2.42,2.43,2.46,2.41,20118.0,20118.0
2024-03-14,2.42,2.44,2.45,2.4,18636.0,18636.0
2024-03-15,2.42,2.42,2.43,2.38,11397.0,11397.0
2024-03-18,2.42,2.4,2.42,2.39,12301.0,12301.0
2024-03-19,2.4,2.37,2.4,2.36,22349.0,22349.0
2024-03-20,2.38,2.38,2.39,2.35,10396.0,10396.0
2024-03-21,2.38,2.39,2.39,2.36,13542.0,13542.0
2024-03-22,2.37,2.36,2.38,2.34,11328.0,11328.0
2024-03-25,2.36,2.34,2.37,2.3,21116.0,21116.0
2024-03-26,2.33,2.33,2.34,2.3,8909.0,8909.0
2024-03-27,2.32,2.32,2.34,2.28,15568.0,15568.0
2024-03-28,2.31,2.31,2.33,2.29,14190.0,14190.0
2024-03-29,2.3,2.27,2.31,2.24,17017.0,17017.0
2024-04-01,2.28,2.28,2.3,2.26,8964.0,8964.0
2024-04-02,2.27,2.33,2.33,2.27,17171.0,17171.0
2024-04-03,2.31,2.31,2.33,2.29,16757.0,16757.0
2024-04-08,2.31,2.29,2.32,2.28,21048.0,21048.0
2024-04-09,2.29,2.31,2.33,2.28,11833.0,11833.0
2024-04-10,2.3,2.26,2.31,2.23,30558.0,30558.0
2024-04-11,2.28,2.29,2.29,2.23,18559.0,18559.0
2024-04-12,2.29,2.29,2.3,2.27,7262.0,7262.0
2024-04-15,2.24,2.18,2.26,2.18,37219.0,37219.0
2024-04-16,2.11,2.07,2.12,2.07,15407.0,15407.0
2024-04-17,2.05,1.99,2.05,1.97,83461.0,83461.0
2024-04-18,1.97,1.97,2.02,1.96,42597.0,42597.0
2024-04-19,1.97,1.89,1.97,1.87,41216.0,41216.0
2024-04-22,1.88,1.87,1.9,1.84,23802.0,23802.0
2024-04-23,1.88,1.88,1.89,1.84,11707.0,11707.0
2024-04-24,1.89,1.94,1.97,1.85,50890.0,50890.0
2024-04-25,1.95,1.96,1.97,1.9,28872.0,28872.0
2024-04-26,1.95,1.96,1.98,1.94,22950.0,22950.0
2024-04-29,1.92,1.99,2.0,1.92,28999.0,28999.0
2024-04-30,2.05,2.05,2.07,2.0,38848.0,38848.0
2024-05-06,2.05,2.02,2.06,2.0,29375.0,29375.0
2024-05-07,2.02,2.02,2.04,2.0,14798.0,14798.0
2024-05-08,2.03,1.98,2.03,1.97,22107.0,22107.0
2024-05-09,1.97,1.97,2.02,1.96,22838.0,22838.0
2024-05-10,1.97,1.93,1.99,1.91,46060.0,46060.0
2024-05-13,1.93,1.88,1.93,1.87,34496.0,34496.0
2024-05-14,1.89,1.97,1.97,1.87,37520.0,37520.0
2024-05-15,2.0,2.07,2.07,1.99,41882.0,41882.0
2024-05-16,2.17,2.11,2.17,2.1,115815.0,115815.0
2024-05-17,2.22,2.22,2.22,2.22,43857.0,43857.0
2024-05-20,2.33,2.33,2.33,2.25,195205.0,195205.0
2024-05-21,2.36,2.45,2.45,2.31,64912.0,64912.0
2024-05-22,2.49,2.57,2.57,2.49,63973.0,63973.0
2024-05-23,2.59,2.6,2.7,2.44,169347.0,169347.0
2024-05-24,2.56,2.68,2.69,2.55,102568.0,102568.0
2024-05-27,2.65,2.64,2.78,2.55,115601.0,115601.0
2024-05-28,2.7,2.66,2.7,2.58,50474.0,50474.0
2024-05-29,2.66,2.62,2.68,2.61,22487.0,22487.0
2024-05-30,2.6,2.53,2.65,2.5,51582.0,51582.0
2024-05-31,2.51,2.64,2.64,2.5,35305.0,35305.0
2024-06-03,2.62,2.51,2.65,2.51,49197.0,49197.0
2024-06-04,2.51,2.48,2.58,2.45,43805.0,43805.0
2024-06-05,2.49,2.36,2.51,2.36,60439.0,60439.0
2024-06-06,2.3,2.24,2.35,2.24,32557.0,32557.0
2024-06-07,2.22,2.19,2.26,2.13,83804.0,83804.0
2024-06-11,2.3,2.3,2.3,2.3,15740.0,15740.0
2024-06-12,2.42,2.42,2.42,2.42,825.0,825.0
2024-06-13,2.54,2.54,2.54,2.54,3256.0,3256.0
2024-06-14,2.62,2.67,2.67,2.57,124592.0,124592.0
2024-06-17,2.7,2.64,2.7,2.61,55738.0,55738.0
2024-06-18,2.64,2.6,2.64,2.54,50490.0,50490.0
2024-06-19,2.59,2.61,2.64,2.56,25637.0,25637.0
2024-06-21,2.59,2.75,2.87,2.47,367098.0,367098.0
2024-06-24,2.58,2.48,2.63,2.48,242862.0,242862.0
2024-06-25,2.38,2.43,2.44,2.3,111106.0,111106.0
2024-06-26,2.4,2.41,2.44,2.33,68652.0,68652.0
2024-06-27,2.39,2.37,2.47,2.35,47664.0,47664.0
2024-06-28,2.37,2.45,2.56,2.36,80176.0,80176.0
2024-07-01,2.45,2.43,2.47,2.39,50025.0,50025.0
2024-07-02,2.41,2.42,2.51,2.41,49796.0,49796.0
2024-07-03,2.4,2.47,2.49,2.4,44513.0,44513.0
2024-07-04,2.45,2.45,2.52,2.44,47940.0,47940.0
2024-07-05,2.46,2.52,2.53,2.4,46593.0,46593.0
2024-07-08,2.52,2.37,2.52,2.34,63506.0,63506.0
2024-07-09,2.37,2.45,2.51,2.32,69353.0,69353.0
2024-07-10,2.44,2.47,2.65,2.44,92430.0,92430.0
2024-07-11,2.48,2.49,2.52,2.43,71970.0,71970.0
2024-07-12,2.49,2.57,2.59,2.48,94054.0,94054.0
2024-07-15,2.54,2.44,2.56,2.41,66396.0,66396.0
2024-07-16,2.45,2.39,2.45,2.38,34675.0,34675.0
2024-07-17,2.4,2.38,2.41,2.37,29708.0,29708.0
2024-07-18,2.38,2.47,2.49,2.33,62533.0,62533.0
2024-07-19,2.49,2.38,2.49,2.37,61676.0,61676.0
2024-07-22,2.38,2.37,2.41,2.36,31956.0,31956.0
2024-07-23,2.38,2.33,2.41,2.32,26677.0,26677.0
2024-07-24,2.33,2.3,2.34,2.27,38496.0,38496.0
2024-07-25,2.29,2.44,2.53,2.28,115442.0,115442.0
2024-07-26,2.4,2.48,2.5,2.39,103668.0,103668.0
2024-07-29,2.46,2.73,2.73,2.46,240025.0,240025.0
2024-07-30,2.9,3.0,3.0,2.84,468542.0,468542.0
2024-07-31,2.96,2.79,3.17,2.76,571474.0,571474.0
2024-08-01,2.76,2.84,2.87,2.74,310872.0,310872.0
2024-08-02,3.01,2.83,3.02,2.8,367517.0,367517.0
2024-08-05,2.77,2.84,2.97,2.66,285326.0,285326.0
2024-08-06,2.82,2.85,2.9,2.7,220373.0,220373.0
2024-08-07,2.8,2.87,2.93,2.76,204193.0,204193.0
2024-08-08,2.86,2.7,2.86,2.69,191100.0,191100.0
2024-08-09,2.71,2.64,2.75,2.61,175733.0,175733.0
2024-08-12,2.63,2.59,2.67,2.57,97882.0,97882.0
2024-08-13,2.59,2.63,2.64,2.55,71051.0,71051.0
2024-08-14,2.61,2.59,2.66,2.58,70163.0,70163.0
2024-08-15,2.62,2.62,2.62,2.56,63431.0,63431.0
2024-08-16,2.61,2.61,2.65,2.59,63550.0,63550.0
2024-08-19,2.62,2.71,2.73,2.57,128393.0,128393.0
2024-08-20,2.7,2.67,2.75,2.66,104921.0,104921.0
2024-08-21,2.66,2.63,2.67,2.61,65152.0,65152.0
2024-08-22,2.62,2.6,2.65,2.59,47665.0,47665.0
2024-08-23,2.6,2.59,2.62,2.57,33478.0,33478.0
2024-08-26,2.59,2.59,2.6,2.56,38369.0,38369.0
2024-08-27,2.57,2.57,2.65,2.56,36229.0,36229.0
2024-08-28,2.56,2.56,2.59,2.53,30939.0,30939.0
2024-08-29,2.56,2.56,2.57,2.51,45992.0,45992.0
2024-08-30,2.57,2.65,2.65,2.56,70526.0,70526.0
2024-09-02,2.64,2.57,2.69,2.56,57869.0,57869.0
2024-09-03,2.6,2.55,2.6,2.54,36603.0,36603.0
2024-09-04,2.55,2.52,2.56,2.51,32434.0,32434.0
2024-09-05,2.52,2.51,2.55,2.51,31061.0,31061.0
2024-09-06,2.69,2.62,2.76,2.6,201798.0,201798.0
2024-09-09,2.52,2.46,2.57,2.36,148071.0,148071.0
2024-09-10,2.45,2.53,2.67,2.44,131711.0,131711.0
2024-09-11,2.52,2.48,2.52,2.47,49572.0,49572.0
2024-09-12,2.46,2.53,2.54,2.46,52395.0,52395.0
2024-09-13,2.52,2.56,2.64,2.52,76619.0,76619.0
2024-09-18,2.51,2.48,2.53,2.44,63595.0,63595.0
2024-09-19,2.48,2.54,2.54,2.44,63629.0,63629.0
2024-09-20,2.53,2.56,2.58,2.5,45929.0,45929.0
2024-09-23,2.56,2.52,2.6,2.49,46634.0,46634.0
2024-09-24,2.53,2.58,2.59,2.5,71185.0,71185.0
2024-09-25,2.6,2.59,2.68,2.57,99719.0,99719.0
2024-09-26,2.59,2.66,2.66,2.57,115320.0,115320.0
2024-09-27,2.68,2.75,2.76,2.66,123921.0,123921.0
2024-09-30,2.83,2.96,3.02,2.78,283876.0,283876.0
2024-10-08,3.25,3.07,3.26,2.91,341628.0,341628.0
2024-10-09,2.99,2.76,3.01,2.76,222707.0,222707.0
2024-10-10,2.73,2.76,2.82,2.69,144039.0,144039.0
2024-10-11,2.74,2.62,2.77,2.61,102886.0,102886.0
2024-10-14,2.63,2.7,2.76,2.61,96642.0,96642.0
2024-10-15,2.71,2.62,2.72,2.61,93032.0,93032.0
2024-10-16,2.59,2.61,2.65,2.56,62847.0,62847.0
2024-10-17,2.62,2.56,2.67,2.55,76403.0,76403.0
2024-10-18,2.56,2.58,2.62,2.55,97565.0,97565.0
2024-10-21,2.58,2.56,2.6,2.53,118325.0,118325.0
2024-10-22,2.56,2.69,2.69,2.55,151293.0,151293.0
2024-10-23,2.69,2.72,2.84,2.68,180589.0,180589.0
2024-10-24,2.72,2.99,2.99,2.71,325139.0,325139.0
2024-10-25,3.09,3.08,3.15,3.0,473539.0,473539.0
2024-10-28,3.09,3.28,3.32,3.08,388998.0,388998.0
2024-10-29,3.28,3.07,3.28,3.06,321578.0,321578.0
2024-10-30,3.05,3.07,3.1,3.0,156798.0,156798.0
2024-10-31,3.07,3.27,3.38,3.07,368010.0,368010.0
2024-11-01,3.28,3.28,3.48,3.24,389436.0,389436.0
2024-11-04,3.27,3.34,3.55,3.27,271667.0,271667.0
2024-11-05,3.34,3.37,3.39,3.23,242227.0,242227.0
2024-11-06,3.36,3.41,3.44,3.25,230601.0,230601.0
2024-11-07,3.41,3.75,3.75,3.38,146350.0,146350.0
2024-11-08,4.04,3.87,4.04,3.68,540484.0,540484.0
2024-11-11,3.82,3.95,4.13,3.71,433265.0,433265.0
2024-11-12,3.91,3.77,3.92,3.72,249245.0,249245.0
2024-11-13,3.78,3.79,3.93,3.71,164503.0,164503.0
2024-11-14,3.72,3.74,3.89,3.72,161143.0,161143.0
2024-11-15,3.7,3.55,3.76,3.53,178910.0,178910.0
2024-11-18,3.53,3.43,3.59,3.38,146136.0,146136.0
2024-11-19,3.42,3.41,3.45,3.28,159994.0,159994.0
2024-11-20,3.43,3.48,3.5,3.35,113165.0,113165.0
2024-11-21,3.48,3.44,3.49,3.35,104411.0,104411.0
2024-11-22,3.41,3.27,3.44,3.25,125147.0,125147.0
2024-11-25,3.28,3.32,3.34,3.23,94750.0,94750.0
2024-11-26,3.31,3.35,3.44,3.31,83579.0,83579.0
2024-11-27,3.38,3.41,3.42,3.25,78261.0,78261.0
2024-11-28,3.41,3.5,3.56,3.38,115233.0,115233.0
2024-11-29,3.49,3.5,3.54,3.4,106526.0,106526.0
2024-12-02,3.51,3.61,3.64,3.49,108565.0,108565.0
2024-12-03,3.6,3.61,3.64,3.53,110547.0,110547.0
2024-12-04,3.39,3.31,3.42,3.25,302658.0,302658.0
2024-12-05,3.24,3.37,3.42,3.23,181901.0,181901.0
2024-12-06,3.4,3.5,3.52,3.36,184719.0,184719.0
2024-12-09,3.56,3.85,3.85,3.56,100603.0,100603.0
2024-12-10,4.2,3.93,4.2,3.9,541352.0,541352.0
2024-12-11,4.0,4.04,4.12,3.94,425161.0,425161.0
2024-12-12,4.02,4.04,4.08,3.93,272165.0,272165.0
2024-12-13,4.05,3.97,4.08,3.97,212587.0,212587.0
2024-12-16,4.09,3.99,4.14,3.96,239174.0,239174.0
2024-12-17,3.96,3.71,4.03,3.67,214242.0,214242.0
2024-12-18,3.76,3.7,3.77,3.6,153135.0,153135.0
2024-12-19,3.68,3.65,3.7,3.59,107341.0,107341.0
2024-12-20,3.67,4.02,4.02,3.66,109871.0,109871.0
2024-12-23,4.1,4.05,4.15,3.85,503275.0,503275.0
2024-12-24,4.0,3.99,4.04,3.76,294029.0,294029.0
2024-12-25,3.98,3.9,4.0,3.8,175271.0,175271.0
2024-12-26,3.88,4.14,4.15,3.8,316121.0,316121.0
2024-12-27,4.15,3.99,4.3,3.95,400317.0,400317.0
2024-12-30,4.07,4.39,4.39,4.04,387019.0,387019.0
2024-12-31,4.39,4.83,4.83,4.3,912129.0,912129.0
2025-01-02,5.27,5.31,5.31,5.27,215205.0,215205.0
2025-01-03,5.6,5.84,5.84,4.87,1220277.0,1220277.0
2025-01-06,5.26,5.26,5.74,5.26,731774.0,731774.0
2025-01-07,4.73,4.73,4.73,4.73,95425.0,95425.0
2025-01-08,4.33,4.52,4.71,4.33,875595.0,875595.0
2025-01-09,4.53,4.32,4.7,4.19,695719.0,695719.0
2025-01-10,4.36,4.75,4.75,4.36,513803.0,513803.0
2025-01-13,4.7,4.64,4.84,4.4,716951.0,716951.0
2025-01-14,4.55,4.83,4.9,4.55,669828.0,669828.0
2025-01-15,4.71,4.8,5.0,4.58,566595.0,566595.0
2025-01-16,4.75,5.08,5.28,4.7,698826.0,698826.0
2025-01-17,5.15,4.88,5.38,4.88,533056.0,533056.0
2025-01-20,4.75,4.79,4.98,4.65,377944.0,377944.0
2025-01-21,4.77,4.58,4.82,4.48,397845.0,397845.0
2025-01-22,4.58,4.53,4.68,4.53,235027.0,235027.0
2025-01-23,4.58,4.62,4.8,4.58,302134.0,302134.0
2025-01-24,4.62,4.5,4.65,4.48,206532.0,206532.0
2025-01-27,4.53,4.51,4.7,4.5,169532.0,169532.0
2025-02-05,4.51,4.48,4.55,4.47,139746.0,139746.0
2025-02-06,4.47,4.5,4.5,4.4,179006.0,179006.0
2025-02-07,4.49,4.5,4.54,4.46,182943.0,182943.0
2025-02-10,4.5,4.82,4.94,4.49,398242.0,398242.0
2025-02-11,4.78,4.88,4.96,4.75,298523.0,298523.0
2025-02-12,4.85,4.92,4.94,4.78,172132.0,172132.0
2025-02-13,4.88,4.87,4.94,4.8,123310.0,123310.0
2025-02-17,4.97,4.81,5.01,4.74,305046.0,305046.0
2025-02-18,4.79,4.61,4.8,4.59,179502.0,179502.0
2025-02-19,4.62,4.64,4.65,4.55,96916.0,96916.0
2025-02-20,4.68,4.66,4.78,4.63,102449.0,102449.0
2025-02-21,4.63,4.63,4.69,4.6,88152.0,88152.0
2025-02-24,4.66,4.81,4.93,4.66,185839.0,185839.0
2025-02-25,4.75,4.81,4.93,4.72,124332.0,124332.0
2025-02-26,4.81,4.83,4.91,4.78,112558.0,112558.0
2025-02-27,4.85,4.92,4.93,4.76,155551.0,155551.0
2025-02-28,4.92,4.8,4.92,4.78,113681.0,113681.0
2025-03-03,4.78,4.94,5.08,4.73,192619.0,192619.0
2025-03-04,4.94,4.89,4.96,4.85,99708.0,99708.0
2025-03-05,4.88,5.0,5.0,4.88,135703.0,135703.0
2025-03-06,4.96,5.13,5.27,4.96,182299.0,182299.0
2025-03-07,5.13,5.01,5.19,4.97,123395.0,123395.0
2025-03-10,5.04,5.08,5.12,4.95,121047.0,121047.0
2025-03-11,5.04,5.09,5.09,4.96,87449.0,87449.0
2025-03-12,5.12,5.21,5.28,5.09,112809.0,112809.0
2025-03-13,5.21,5.13,5.21,5.06,86833.0,86833.0
2025-03-14,5.1,5.24,5.24,5.07,99737.0,99737.0
2025-03-17,5.24,5.23,5.33,5.19,99605.0,99605.0
2025-03-18,5.22,5.15,5.25,5.13,74692.0,74692.0
2025-03-19,5.15,5.2,5.49,5.11,141053.0,141053.0
2025-03-20,5.19,5.18,5.28,5.17,76794.0,76794.0
2025-03-21,5.14,5.08,5.2,5.04,93423.0,93423.0
2025-03-24,5.16,5.09,5.4,4.96,125051.0,125051.0
2025-03-25,5.05,4.94,5.06,4.88,79176.0,79176.0
2025-03-26,4.9,4.96,4.98,4.88,43682.0,43682.0
2025-03-27,4.95,4.98,5.03,4.89,47709.0,47709.0
2025-03-28,5.01,4.89,5.01,4.86,40715.0,40715.0
2025-03-31,4.89,4.73,4.89,4.6,99175.0,99175.0
2025-04-01,4.77,4.85,4.93,4.77,62782.0,62782.0
2025-04-02,4.86,4.88,4.97,4.81,49462.0,49462.0
2025-04-03,4.87,4.91,4.93,4.82,52347.0,52347.0
2025-04-07,4.5,4.42,4.74,4.42,78863.0,78863.0
2025-04-08,4.19,4.28,4.39,4.12,116668.0,116668.0
2025-04-09,4.27,4.35,4.4,3.88,110427.0,110427.0
2025-04-10,4.4,4.46,4.53,4.37,67521.0,67521.0
2025-04-11,4.49,4.53,4.6,4.46,60477.0,60477.0
2025-04-14,4.55,4.67,4.74,4.55,81338.0,81338.0
2025-04-15,4.68,4.73,4.81,4.66,64376.0,64376.0
2025-04-16,4.73,4.62,4.76,4.58,74475.0,74475.0
2025-04-17,4.71,4.77,4.85,4.6,91083.0,91083.0
2025-04-18,4.72,4.71,4.88,4.63,91721.0,91721.0
2025-04-21,4.69,4.77,4.79,4.64,77375.0,77375.0
2025-04-22,4.77,4.75,4.82,4.68,68289.0,68289.0
2025-04-23,4.73,4.73,4.78,4.7,60314.0,60314.0
2025-04-24,4.68,4.74,4.86,4.66,91542.0,91542.0
2025-04-25,4.72,4.73,4.8,4.69,52879.0,52879.0
2025-04-28,4.7,4.62,4.72,4.56,69973.0,69973.0
2025-04-29,4.62,4.53,4.65,4.52,78774.0,78774.0
2025-04-30,4.57,4.61,4.69,4.56,61266.0,61266.0
2025-05-06,4.62,4.72,4.74,4.62,72451.0,72451.0
2025-05-07,4.77,4.75,4.9,4.72,73518.0,73518.0
2025-05-08,4.75,4.83,4.84,4.73,56801.0,56801.0
2025-05-09,4.81,5.31,5.31,4.81,137187.0,137187.0
2025-05-12,5.84,5.64,5.84,5.33,603588.0,603588.0
2025-05-13,5.56,6.2,6.2,5.56,314044.0,314044.0
2025-05-14,6.79,6.82,6.82,6.22,441757.0,441757.0
2025-05-15,7.1,7.5,7.5,7.01,388219.0,388219.0
2025-05-16,8.0,7.2,8.25,7.1,729749.0,729749.0
2025-05-19,7.0,7.92,7.92,6.68,683502.0,683502.0
2025-05-20,8.0,8.14,8.7,7.69,821761.0,821761.0
2025-05-21,7.65,7.62,8.49,7.5,619194.0,619194.0
2025-05-22,7.51,7.03,7.9,6.87,559681.0,559681.0
2025-05-23,7.38,7.58,7.73,7.13,898776.0,898776.0
2025-05-26,7.19,7.79,7.96,6.85,823532.0,823532.0
2025-05-27,7.6,8.57,8.57,7.6,679612.0,679612.0
2025-05-28,8.97,8.45,9.26,8.4,1134951.0,1134951.0
2025-05-29,8.17,7.98,8.71,7.86,678319.0,678319.0
2025-05-30,7.95,7.6,7.98,7.36,468577.0,468577.0
2025-06-03,7.48,8.36,8.36,7.46,451858.0,451858.0
2025-06-04,8.94,8.42,9.18,8.39,806686.0,806686.0
2025-06-05,8.38,8.16,8.49,8.12,477832.0,477832.0
2025-06-06,8.35,7.86,8.81,7.79,714263.0,714263.0
2025-06-09,8.0,8.64,8.64,7.7,426266.0,426266.0
2025-06-10,8.9,9.5,9.5,8.69,1078988.0,1078988.0
2025-06-11,9.5,9.7,10.28,9.3,1154659.0,1154659.0
2025-06-12,9.44,10.67,10.67,9.44,461990.0,461990.0
2025-06-13,10.7,10.17,11.14,10.1,944107.0,944107.0
2025-06-16,10.0,10.0,10.27,9.81,533713.0,533713.0
2025-06-17,9.99,9.99,10.11,9.66,389403.0,389403.0
2025-06-18,9.96,9.77,10.1,9.42,369302.0,369302.0
2025-06-19,9.75,9.47,10.1,9.45,326792.0,326792.0
2025-06-20,9.5,9.26,9.57,9.05,274493.0,274493.0
2025-06-23,9.16,9.21,9.35,9.11,184852.0,184852.0
2025-06-24,9.25,9.22,9.45,9.14,196991.0,196991.0
2025-06-25,9.21,9.06,9.3,8.84,255925.0,255925.0
2025-06-26,8.9,8.85,8.99,8.71,186032.0,186032.0
2025-06-27,8.74,9.08,9.15,8.72,296762.0,296762.0
2025-06-30,9.19,9.08,9.24,8.91,240404.0,240404.0
2025-07-01,9.11,9.13,9.15,8.96,155821.0,155821.0
2025-07-02,9.1,8.89,9.1,8.84,139253.0,139253.0
2025-07-03,8.83,8.76,8.89,8.73,112932.0,112932.0
2025-07-04,8.75,8.68,8.76,8.48,159739.0,159739.0
2025-07-07,8.78,8.69,8.88,8.61,134641.0,134641.0
2025-07-08,8.65,8.38,8.74,8.25,207424.0,207424.0
2025-07-09,8.28,9.22,9.22,8.28,317958.0,317958.0
2025-07-10,9.5,9.7,10.04,9.35,557985.0,557985.0
2025-07-11,9.91,9.51,9.91,9.43,304496.0,304496.0
2025-07-14,8.56,8.56,8.79,8.56,372513.0,372513.0
2025-07-15,8.36,8.4,8.5,8.0,312135.0,312135.0
2025-07-16,8.33,8.31,8.46,8.27,155837.0,155837.0
2025-07-17,8.34,8.35,8.52,8.25,143951.0,143951.0
2025-07-18,8.35,8.28,8.49,8.17,139633.0,139633.0
2025-07-21,8.4,8.46,8.48,8.26,162710.0,162710.0
2025-07-22,8.46,8.83,9.1,8.38,295245.0,295245.0
2025-07-23,8.86,8.67,8.86,8.56,143662.0,143662.0
2025-07-24,8.7,8.85,8.88,8.61,121856.0,121856.0
2025-07-25,8.85,9.02,9.37,8.82,192358.0,192358.0
2025-07-28,8.89,9.03,9.1,8.85,134739.0,134739.0
2025-07-29,9.03,8.69,9.08,8.68,114578.0,114578.0
2025-07-30,8.65,8.88,9.0,8.6,129969.0,129969.0
2025-07-31,9.04,8.33,9.06,8.31,202538.0,202538.0
2025-08-01,8.34,8.34,8.45,8.23,97576.0,97576.0
2025-08-04,8.26,8.32,8.38,8.1,90235.0,90235.0
2025-08-05,8.32,8.3,8.55,8.25,109365.0,109365.0
2025-08-06,8.26,8.25,8.35,8.15,137388.0,137388.0
2025-08-07,8.12,7.62,8.22,7.45,354336.0,354336.0
2025-08-08,7.62,7.65,7.71,7.45,184137.0,184137.0
2025-08-11,7.66,7.88,7.94,7.23,266971.0,266971.0
2025-08-12,7.88,7.75,7.9,7.7,127557.0,127557.0
2025-08-13,7.73,7.82,7.97,7.61,155003.0,155003.0
2025-08-14,7.85,7.86,8.06,7.78,179078.0,179078.0
2025-08-15,7.85,7.79,7.86,7.66,128205.0,128205.0
2025-08-18,7.76,8.09,8.15,7.75,185642.0,185642.0
2025-08-19,8.16,8.13,8.24,7.96,114527.0,114527.0
2025-08-20,8.12,8.19,8.3,8.02,163114.0,163114.0
2025-08-21,8.2,8.19,8.26,8.1,130107.0,130107.0
2025-08-22,8.26,8.54,8.71,8.11,283372.0,283372.0
2025-08-25,8.48,8.62,8.95,8.37,276601.0,276601.0
2025-08-26,8.57,8.29,8.6,8.28,192882.0,192882.0
2025-08-27,8.39,8.1,8.39,8.09,122151.0,122151.0
2025-08-28,8.09,8.0,8.19,7.74,119068.0,119068.0
2025-08-29,8.0,7.97,8.05,7.91,72361.0,72361.0
2025-09-01,7.95,7.85,7.97,7.8,122217.0,
2025-09-02,7.85,7.77,7.88,7.63,96378.0,
2025-09-03,7.75,7.64,7.85,7.59,78739.0,
2025-09-04,7.6,7.65,7.8,7.56,80995.0,
2025-09-05,7.73,7.61,7.73,7.42,95322.0,
2025-09-08,7.58,8.18,8.35,7.58,241301.0,
2025-09-09,8.18,7.94,8.37,7.9,180900.0,
2025-09-10,8.0,7.98,8.25,7.83,152827.0,
2025-09-11,8.02,7.75,8.02,7.58,129597.0,
2025-09-12,7.67,7.66,7.79,7.65,100246.0,
2025-09-15,7.68,7.52,7.7,7.5,97464.0,
